商品ID,商品名,価格,JAN,単位
12864,小型手提金庫 CB-050G ブルー             ,10000,4977564128791,ｺ  
16088,レターケースA4 浅3深1段 LC-113A ホワイト,9200,4977564144203,ﾀﾞｲ
29704,プリット強力 ミディアム NS-702          ,260,4977564650681,ﾎﾝ 
30713,フラットかるヒット ST-010VN グリーン紙箱,790,4977564620295,ｺ  
34547,フィットカットカーブ SC-175SF 白×桃    ,550,4977564575496,ｺ  
36591,エアイン 富士山消しゴム,220,4977564706050,ｺ  
57443,再生D型リングファイルA4S 灰 D013J-GY    ,380,4547345044871,ｻﾂ 
79275,年組氏名フラットF A4S No.021GA BL 1冊   ,120,4977564651435,ｻﾂ 
84706,イベント名札50枚入 CT-E1 イエロー       ,3520,4977564516413,PAC
89574,カモフラジュホルダー仕切付 FL-129CH 桃  ,230,4977564485276,ｻﾂ 
